qacc,sacc,qlen,length,pident,qstart,qend,sstart,send,evalue,bitscore,alignment_coverage
COQ3_1~~~COQ3_2,NC_004603,684,684,93.567,1,684,1453907,1454554,0.0,1064.0,1.0
COQ5~~~COQ5_2~~~COQ5_3~~~menG~~~desVI~~~COQ5_1~~~tam_1,NC_004603,1413,1414,98.232,1,1413,2098322,2096909,0.0,2434.0,1.0007077140835103
GMPR~~~guaC_1~~~guaC_2,NC_004605,291,255,100.0,37,291,1224422,1224168,2.1e-130,461.0,0.8762886597938144
aaeA_2~~~aaeA_3,NC_004603,861,858,72.611,1,858,1443445,1442588,4.72e-138,489.0,0.9965156794425087
aaeA_3~~~aaeA_2~~~aaeA_1,NC_004603,867,868,98.963,1,867,1443445,1442578,0.0,1522.0,1.0011534025374855
aaeB_2~~~aaeB,NC_004603,1356,1331,67.318,13,1334,1442556,1441235,1.0400000000000001e-110,398.0,0.9815634218289085
accD_1~~~accD_2~~~accD_3,NC_004605,906,907,96.141,1,906,822633,823539,0.0,1475.0,1.0011037527593818
aceF_1~~~aceF_2~~~aceF,NC_004603,1935,1935,95.814,1,1935,2657536,2655653,0.0,3158.0,1.0
aceF~~~aceF_2,NC_004603,1920,1920,96.354,1,1920,2657536,2655653,0.0,3167.0,1.0
alaS_1,NC_004603,675,675,97.481,1,675,1880937,1880263,0.0,1141.0,1.0
amsI~~~wzb~~~wzc_1~~~wzc~~~wzc_2~~~etk,NC_004605,2631,2631,98.974,1,2631,1701891,1704520,0.0,4620.0,1.0
araA,NC_004605,1494,1494,100.0,1,1494,1797622,1799115,0.0,2695.0,1.0
araA_3~~~araA_1~~~araA~~~araA_2,NC_004605,1530,1452,69.353,40,1479,1797638,1799073,1.99e-158,557.0,0.9490196078431372
araB,NC_004605,1677,1496,68.516,22,1508,1795209,1796695,2.5e-151,533.0,0.8920691711389386
araB~~~araB_2~~~araB_1,NC_004605,1710,1710,98.363,1,1710,1795176,1796879,0.0,2959.0,1.0
araC_2~~~araC_1~~~araC,NC_004605,837,833,66.987,1,825,1799737,1800564,1.61e-61,234.0,0.995221027479092
araC~~~araC_1~~~araC_2,NC_004605,840,840,100.0,1,840,1799737,1800576,0.0,1516.0,1.0
araF~~~araF_1~~~araF_2,NC_004605,1062,1063,99.059,1,1062,1794865,1793803,0.0,1869.0,1.0009416195856873
araG~~~araG_1~~~araG_2~~~btuD_5,NC_004605,1515,1515,99.34,1,1515,1793746,1792232,0.0,2688.0,1.0
araH_1~~~araH_2~~~araH~~~rbsC_2,NC_004605,1203,982,98.371,1,982,1792217,1791236,0.0,1700.0,0.8162926018287614
argP_3~~~argP_1~~~syrM1~~~syrM1_2~~~argP_4,NC_004605,963,958,99.165,1,958,100792,101749,0.0,1692.0,0.9948078920041536
arpC~~~tdeA~~~btuD_1~~~ttgC~~~ttgI,NC_004605,3357,3357,98.511,1,3357,226201,229556,0.0,5826.0,1.0
atsA_2~~~atsA,NC_004605,2370,2370,100.0,1,2370,602646,600277,0.0,4275.0,1.0
atsA_3~~~atsA,NC_004605,2373,2363,76.217,10,2372,602637,600278,0.0,1727.0,0.9957859249894648
axeA1,NC_004605,934,934,97.43,1,934,71323,72256,0.0,1577.0,1.0
bcp_2~~~bcp_3~~~bcp_1,NC_004603,465,410,67.805,46,455,2384539,2384948,3.4700000000000003e-35,145.0,0.8817204301075269
benM_2~~~benM_1,NC_004603,900,894,91.275,1,894,1452962,1453855,0.0,1261.0,0.9933333333333333
benM~~~hdfR_3~~~hdfR_8~~~hdfR_9~~~hdfR_6,NC_004603,936,941,96.706,1,936,75482,76422,0.0,1553.0,1.0053418803418803
bepC_3,NC_004605,1320,1320,99.47,1,1320,995564,996877,0.0,2351.0,1.0
bltD_3,NC_004603,555,555,88.108,1,555,1928044,1927490,0.0,704.0,1.0
btuB_1~~~btuB_2~~~btuB_3,NC_004603,2610,2614,83.282,1,2610,182655,180055,0.0,2733.0,1.0015325670498085
btuB_2~~~btuB_1~~~btuB_4~~~btuB_3,NC_004603,1875,1857,97.523,19,1875,3142876,3141020,0.0,3142.0,0.9904
btuD_1~~~cysA~~~cysA_2~~~btuD_4~~~btuD_8~~~btuD_10~~~cysA_3~~~malK_1~~~btuD_3~~~potA_2,NC_004605,2403,2403,98.002,1,2403,242663,245063,0.0,4111.0,1.0
cdhR_2~~~rhaR_5~~~cdhR~~~rhaS_9~~~cdhR_1,NC_004605,1011,1012,98.715,1,1011,747659,748670,0.0,1764.0,1.0009891196834817
cdr,NC_004605,1614,1595,98.056,1,1595,982210,983804,0.0,2737.0,0.9882280049566295
cdr_2~~~cdr_1~~~cdr_3,NC_004605,1704,1685,81.721,1,1685,982120,983804,0.0,1651.0,0.988849765258216
cdr_2~~~cdr_1~~~cdr_3~~~cdr~~~nasD_3~~~cdr_4,NC_004605,1725,1685,98.694,1,1685,982120,983804,0.0,2940.0,0.9768115942028985
cdr_2~~~cdr_3~~~cdr_1~~~cdr,NC_004605,1704,1691,78.06,1,1686,982120,983805,0.0,1360.0,0.9923708920187794
chuR_2~~~chuR_3~~~chuR_4~~~chuR_1~~~chuR_5,NC_004605,1344,1344,98.884,1,1344,603892,602549,0.0,2357.0,1.0
chuR_5~~~chuR_3,NC_004605,1233,1226,73.736,5,1220,603894,602673,0.0,728.0,0.9943227899432279
clpV1_4~~~clpV1~~~clpV1_3~~~clpV1_2~~~clpV1_1,NC_004603,2712,2712,97.751,1,2712,1495555,1492844,0.0,4617.0,1.0
cmoM_2~~~cmoM_1,NC_004603,1719,1719,97.789,1,1719,912766,914481,0.0,2928.0,1.0
coaD,NC_004603,488,433,66.975,11,442,201821,202251,3.4200000000000003e-29,126.0,0.8872950819672131
coaD~~~coaD_1~~~coaD_2,NC_004603,576,576,99.132,1,576,201818,202393,0.0,1017.0,1.0
cqsS_2~~~cqsS_5~~~cqsS_1~~~cqsS,NC_004605,1965,1965,98.575,1,1965,736298,738261,0.0,3415.0,1.0
cqsS~~~cqsS_3~~~cqsS_2,NC_004605,2073,2073,97.395,1,2073,736298,738346,0.0,3513.0,1.0
csaA~~~csaA_2,NC_004603,344,344,98.547,1,344,1915102,1914764,1.39e-171,599.0,1.0
csdE,NC_004603,432,432,99.769,1,432,2476551,2476120,0.0,775.0,1.0
csgD_4~~~malT_3~~~csgD_2~~~csgD~~~malT_4,NC_004605,645,645,90.853,1,645,1539971,1539327,0.0,898.0,1.0
cspG_1,NC_004603,214,197,71.574,1,193,1971411,1971602,8.33e-20,94.2,0.9205607476635514
cspG_4~~~cspG_2,NC_004605,219,187,74.332,15,201,1368577,1368763,1.76e-28,122.0,0.8538812785388128
cspG_4~~~cspG_2~~~cspG_3~~~cspG_1,NC_004603,210,194,73.711,1,190,1971411,1971603,3.04e-25,112.0,0.9238095238095239
cspG_5~~~cspG_3,NC_004603,213,215,78.605,1,213,1971411,1971623,8.84e-45,176.0,1.0093896713615023
csy3_2~~~csy3,NC_004605,1047,1051,81.446,1,1047,1459776,1460819,0.0,1000.0,1.0038204393505252
cueR_2~~~cueR_3,NC_004605,546,546,96.154,1,546,1660346,1660871,0.0,904.0,1.0
cugP,NC_004603,1059,1050,73.81,1,1050,212564,213613,0.0,655.0,0.9915014164305949
cysD_1,NC_004603,915,901,73.585,17,914,289279,290176,9.07e-154,540.0,0.9846994535519126
cytR_2~~~cytR_1,NC_004603,1122,1122,98.93,1,1122,2513178,2514299,0.0,1970.0,1.0
dam_2~~~dam~~~dam_1,NC_004603,840,840,100.0,1,840,2906582,2905743,0.0,1516.0,1.0
dapE_1~~~dapE_2,NC_004603,1524,1520,92.632,1,1520,1450376,1451895,0.0,2237.0,0.9973753280839895
dctM_3~~~dctM_2~~~dctM_1,NC_004605,1302,1302,100.0,1,1302,1822695,1823996,0.0,2349.0,1.0
decR,NC_004603,513,499,97.595,16,513,986391,986889,0.0,843.0,0.9727095516569201
def2_2~~~def~~~def2_1,NC_004605,504,499,74.749,1,497,813501,813997,5.6e-90,327.0,0.9900793650793651
dgkA_2~~~dgkA_1,NC_004603,417,417,96.403,1,417,206021,206428,0.0,689.0,1.0
dhaK_1~~~dhaK,NC_004603,1110,1111,99.19,1,1110,362209,363319,0.0,1960.0,1.000900900900901
dhaL~~~dhaL_2,NC_004603,1710,1711,99.182,1,1710,362209,363918,0.0,3016.0,1.0005847953216374
dhaM~~~ptsI_2~~~ptsI_1,NC_004603,2400,2400,96.333,1,2400,363920,366319,0.0,3932.0,1.0
dhaR~~~dhaR_1~~~dhaR_2,NC_004603,1947,1946,98.201,2,1947,368342,366397,0.0,3352.0,0.9994863893168978
dinG_2~~~dinG_4~~~dinG_1~~~polC_2~~~polC_1~~~polC_4~~~polC_5~~~dinG_3,NC_004605,711,711,97.328,1,711,65945,65235,0.0,1197.0,1.0
dld_1~~~dld_2,NC_004605,1707,1690,73.254,19,1705,1059445,1057759,0.0,994.0,0.9900410076157
dmlR_2~~~oxyR_5~~~oxyR_1~~~dmlR_1~~~dmlR_13~~~oxyR_4~~~oxyR_2,NC_004605,840,893,92.945,1,840,946757,947649,0.0,1366.0,1.063095238095238
dpnA_1~~~dpnA,NC_004603,657,563,70.693,21,581,392741,393301,2.12e-71,267.0,0.8569254185692542
dpnA~~~yhdJ~~~yhdJ_2,NC_004603,696,696,97.27,1,696,392685,393380,0.0,1170.0,1.0
dsdC_2~~~dsdC~~~hdfR_10~~~dsdC_1~~~hdfR_7~~~dsdC_3,NC_004605,966,966,95.031,1,966,1812972,1812007,0.0,1526.0,1.0
eda_2~~~eda_3~~~eda_4~~~eda_1,NC_004605,624,624,100.0,1,624,73274,73897,0.0,1126.0,1.0
eda_4~~~eda_2~~~eda_3~~~eda_1,NC_004605,651,651,96.16,1,651,1827927,1828577,0.0,1062.0,1.0
epsL_1~~~epsL_2,NC_004603,636,557,73.788,34,590,244024,244580,7.62e-96,347.0,0.8757861635220126
epsM_1~~~epsM_2,NC_004603,678,633,99.842,1,633,211888,212520,0.0,1138.0,0.9336283185840708
epsN~~~pglE~~~per~~~arnB,NC_004603,1164,1164,98.797,1,1164,208441,209604,0.0,2037.0,1.0
fabG_6,NC_004603,702,702,93.162,1,702,2791261,2790596,0.0,1078.0,1.0
fimA_1,NC_004603,438,438,97.717,1,438,687623,687192,0.0,746.0,1.0
galE_2~~~galE_3~~~galE_1,NC_004603,1020,1014,87.968,6,1019,2518772,2517759,0.0,1279.0,0.9941176470588236
galK_2~~~galK_1,NC_004603,1164,1162,81.239,1,1161,2516511,2515350,0.0,1110.0,0.9982817869415808
galT_2~~~galT_1~~~galT_3,NC_004603,1053,1047,84.241,1,1047,2517673,2516627,0.0,1145.0,0.9943019943019943
gfcB,NC_004603,681,665,68.12,22,681,229361,228708,1.22e-55,214.0,0.9765051395007343
gldA~~~dhaD_1~~~dhaD~~~dhaD_2,NC_004603,1083,1083,100.0,1,1083,361855,360773,0.0,1954.0,1.0
group_10025,NC_004605,579,579,86.183,1,579,1431972,1431400,0.0,681.0,1.0
group_10037,NC_004605,312,312,95.192,1,312,942895,942584,1.1e-140,496.0,1.0
group_10063,NC_004603,267,267,100.0,1,267,1679942,1680208,5.849999999999999e-137,482.0,1.0
group_10072,NC_004603,1584,1580,96.962,5,1584,2247445,2249024,0.0,2634.0,0.9974747474747475
group_10073,NC_004603,543,543,92.265,1,543,1928044,1927502,0.0,791.0,1.0
group_10101,NC_004605,534,534,93.258,1,534,1437776,1437243,0.0,801.0,1.0
group_10126,NC_004603,522,522,91.762,1,522,1936748,1936227,0.0,748.0,1.0
group_10147,NC_004605,1521,1512,99.471,10,1521,300613,302124,0.0,2691.0,0.9940828402366864
group_10152,NC_004603,1128,1129,85.474,1,1117,1485278,1486394,0.0,1274.0,1.000886524822695
group_10212,NC_004605,285,285,92.281,1,285,1849218,1849502,7.670000000000001e-117,416.0,1.0
group_10286,NC_004603,1224,1143,71.041,86,1224,176157,175019,4.56e-159,559.0,0.9338235294117647
group_10291,NC_004603,477,427,77.049,1,425,2880939,2881362,3.33e-86,315.0,0.8951781970649895
group_10307,NC_004605,3180,3180,98.805,1,3180,744435,747612,0.0,5557.0,1.0
group_10344,NC_004605,145,145,99.31,1,145,1040885,1041028,2.6e-68,254.0,1.0
group_10390,NC_004605,1200,1200,100.0,1,1200,753713,754912,0.0,2165.0,1.0
group_10410,NC_004603,228,228,85.088,1,228,1670341,1670114,1.0199999999999999e-69,259.0,1.0
group_10461,NC_004603,1215,1214,77.842,1,1214,176233,175020,0.0,977.0,0.9991769547325103
group_10462,NC_004603,486,484,91.736,1,484,1498640,1499123,0.0,693.0,0.9958847736625515
group_10463,NC_004605,264,245,66.939,1,245,945575,945819,8.08e-15,77.9,0.928030303030303
group_10472,NC_004605,297,297,97.306,1,297,945239,944943,2.4499999999999998e-142,500.0,1.0
group_10478,NC_004603,732,733,99.591,1,732,1818410,1817678,0.0,1306.0,1.0013661202185793
group_10479,NC_004603,96,84,95.238,15,96,1818581,1818664,1.28e-31,132.0,0.875
group_10494,NC_004603,255,255,89.804,1,255,2256166,2255912,3.52e-95,343.0,1.0
group_10558,NC_004605,273,273,98.535,1,273,1374301,1374029,8.899999999999999e-135,475.0,1.0
group_10563,NC_004603,1128,1128,97.252,1,1128,2527875,2529002,0.0,1895.0,1.0
group_10591,NC_004603,630,630,95.397,1,630,1125582,1126211,0.0,1006.0,1.0
group_10605,NC_004605,756,756,87.434,1,756,751162,751914,0.0,934.0,1.0
group_10637,NC_004603,804,777,95.495,1,777,204059,203283,0.0,1244.0,0.9664179104477612
group_10659,NC_004605,1491,1491,97.384,1,1491,1381966,1380488,0.0,2520.0,1.0
group_10692,NC_004603,141,141,99.291,1,141,59097,58957,3.0599999999999996e-67,251.0,1.0
group_10725,NC_004605,762,762,95.013,1,762,1407155,1407916,0.0,1204.0,1.0
group_10731,NC_004603,219,220,97.727,1,219,1970504,1970285,2.14e-103,371.0,1.004566210045662
group_10740,NC_004605,566,566,99.647,1,566,638095,638659,0.0,1009.0,1.0
group_10742,NC_004603,1344,1366,97.657,1,1344,1499195,1500560,0.0,2335.0,1.0163690476190477
group_10752,NC_004605,513,513,97.661,1,513,581023,580516,0.0,867.0,1.0
group_10773,NC_004605,378,353,69.405,2,350,1408759,1408411,1.19e-33,140.0,0.9338624338624338
group_10825,NC_004605,282,282,99.291,1,282,1395606,1395325,2.32e-142,500.0,1.0
group_10830,NC_004605,138,138,99.275,1,138,466396,466260,1.54e-64,242.0,1.0
group_10838,NC_004605,114,114,94.737,1,114,292854,292966,4.28e-45,176.0,1.0
group_10839,NC_004605,346,343,95.335,4,346,224902,224562,2.69e-155,545.0,0.9913294797687862
group_10854,NC_004603,519,519,100.0,1,519,1495971,1496489,0.0,937.0,1.0
group_10858,NC_004605,1713,1713,98.599,1,1713,283422,285134,0.0,2982.0,1.0
group_10882,NC_004605,153,153,92.157,1,153,1597846,1597987,1.1e-60,228.0,1.0
group_10907,NC_004605,285,283,96.82,1,283,1455697,1455415,3.97e-133,471.0,0.9929824561403509
group_10908,NC_004603,165,165,95.758,1,165,397941,398105,4.780000000000001e-72,267.0,1.0
group_10918,NC_004605,513,514,97.86,1,513,946675,946162,0.0,875.0,1.0019493177387915
group_10929,NC_004603,101,95,97.895,7,101,1284222,1284316,2.3199999999999997e-41,163.0,0.9405940594059405
group_10932,NC_004605,6999,6999,100.0,1,6999,995196,988198,0.0,12623.0,1.0
group_10965,NC_004605,813,814,98.649,1,813,1501443,1500630,0.0,1416.0,1.001230012300123
group_10981,NC_004605,291,254,99.213,1,254,945575,945828,3.8e-127,450.0,0.872852233676976
group_10999,NC_004603,537,539,69.944,6,537,1127029,1126513,2.23e-57,219.0,1.0037243947858474
group_11004,NC_004603,993,993,85.398,1,993,1500517,1501509,0.0,1138.0,1.0
group_11007,NC_004605,432,433,98.845,1,432,1209229,1208797,0.0,755.0,1.0023148148148149
group_11008,NC_004603,4386,3700,87.486,1,3695,1627036,1630730,0.0,4568.0,0.84359325125399
group_11009,NC_004603,294,294,96.939,1,294,1679942,1680234,5.3399999999999997e-138,487.0,1.0
group_11016,NC_004603,1497,1497,97.862,1,1497,1397447,1398937,0.0,2557.0,1.0
group_11035,NC_004603,243,253,95.652,1,243,1883586,1883334,7.840000000000001e-116,412.0,1.0411522633744856
group_11068,NC_004605,1665,1347,97.476,319,1665,294274,292928,0.0,2277.0,0.809009009009009
group_11069,NC_004605,585,583,98.285,1,583,762321,762902,0.0,1003.0,0.9965811965811966
group_11074,NC_004605,17586,17586,97.362,1,17586,669556,687141,0.0,29623.0,1.0
group_11082,NC_004603,942,946,69.345,1,942,2531111,2530170,1.59e-106,384.0,1.0042462845010616
group_11093,NC_004603,4398,3720,97.043,1,3720,1627036,1630734,0.0,6228.0,0.8458390177353342
group_11096,NC_004605,1209,1209,98.346,1,1209,1102916,1101720,0.0,2097.0,1.0
group_11119,NC_004605,1728,1728,94.85,1,1728,423787,425514,0.0,2716.0,1.0
group_11153,NC_004605,1266,1266,100.0,1,1266,754909,756174,0.0,2284.0,1.0
group_1116,NC_004605,300,300,96.667,1,300,1417711,1417412,3.02e-141,497.0,1.0
group_11166,NC_004603,1260,1260,97.381,1,1260,1439002,1437743,0.0,2124.0,1.0
group_11198,NC_004603,654,654,93.119,1,654,1056492,1057145,0.0,991.0,1.0
group_112,NC_004603,477,477,99.581,1,477,480192,479717,0.0,848.0,1.0
group_11204,NC_004603,220,219,99.543,2,220,380863,380646,2.8e-108,388.0,0.9954545454545455
group_11207,NC_004605,519,519,96.532,1,519,1751788,1751282,0.0,862.0,1.0
group_11208,NC_004605,825,809,99.135,1,809,1752911,1752103,0.0,1428.0,0.9806060606060606
group_11211,NC_004603,285,285,96.491,1,285,392432,392716,3.97e-133,470.0,1.0
group_1133,NC_004605,642,641,93.292,1,641,1438822,1438183,0.0,959.0,0.9984423676012462
group_1134,NC_004605,489,482,89.419,1,482,1436755,1436274,0.0,640.0,0.9856850715746421
group_1155,NC_004603,492,496,69.758,1,492,2851887,2851402,1.91e-51,200.0,1.008130081300813
group_128,NC_004605,1083,1083,100.0,1,1083,1669969,1668887,0.0,1954.0,1.0
group_1316,NC_004605,2589,2589,93.434,1,2589,1441503,1444091,0.0,3903.0,1.0
group_1317,NC_004603,1452,1452,100.0,1,1452,2533545,2532094,0.0,2619.0,1.0
group_1350,NC_004603,384,384,96.094,1,384,2241337,2241720,1.1200000000000002e-179,626.0,1.0
group_1445,NC_004605,534,534,100.0,1,534,435391,435924,0.0,964.0,1.0
group_1452,NC_004603,210,210,95.238,1,210,2250897,2250689,1.79e-91,331.0,1.0
group_1455,NC_004605,1167,1179,83.206,1,1167,1436257,1435092,0.0,1212.0,1.0102827763496145
group_1466,NC_004603,174,174,97.701,1,174,2247340,2247513,2.98e-81,297.0,1.0
group_1550,NC_004603,210,210,90.952,1,210,2241735,2241944,4.5e-80,294.0,1.0
group_1600,NC_004603,810,810,99.877,1,810,377275,378083,0.0,1453.0,1.0
group_1629,NC_004603,795,793,89.155,1,793,383667,382878,0.0,1041.0,0.9974842767295597
group_1668,NC_004603,1416,1416,99.647,1,1416,221223,219810,0.0,2525.0,1.0
group_1681,NC_004603,495,462,74.026,34,495,2541367,2540909,1.68e-77,287.0,0.9333333333333333
group_1690,NC_004603,537,538,97.026,1,537,2535297,2534760,0.0,895.0,1.0018621973929236
group_17017,NC_004603,115,116,89.655,1,115,1906340,1906226,6.01e-37,149.0,1.008695652173913
group_1725,NC_004603,201,171,72.515,6,176,2241737,2241907,6.370000000000001e-21,97.8,0.8507462686567164
group_1733,NC_004603,813,813,98.893,1,813,1401853,1402662,0.0,1425.0,1.0
group_1761,NC_004603,1317,1320,76.364,1,1317,2540849,2539533,0.0,966.0,1.0022779043280183
group_1770,NC_004603,495,403,74.194,95,495,2535694,2535294,9.939999999999998e-68,253.0,0.8141414141414142
group_1803,NC_004605,219,219,99.087,1,219,1140943,1140725,2.78e-108,387.0,1.0
group_1809,NC_004603,759,762,78.346,1,759,2539519,2538764,2.2900000000000002e-179,626.0,1.0039525691699605
group_1830,NC_004603,213,217,74.654,1,213,1443670,1443458,1.15e-30,129.0,1.0187793427230047
group_1866,NC_004603,225,225,82.222,1,225,2537280,2537056,5.93e-60,226.0,1.0
group_1879,NC_004605,393,393,98.219,1,393,1421783,1421391,0.0,678.0,1.0
group_19,NC_004603,465,379,87.863,1,377,1659120,1658743,6.680000000000001e-133,471.0,0.8150537634408602
group_1928,NC_004605,357,357,100.0,1,357,435921,436277,0.0,645.0,1.0
group_1935,NC_004605,156,156,96.154,1,156,943054,942899,2.32e-69,257.0,1.0
group_1936,NC_004603,279,279,91.039,1,279,1928947,1929225,2.98e-109,391.0,1.0
group_1949,NC_004603,600,601,99.002,1,600,1446901,1447500,0.0,1050.0,1.0016666666666667
group_1951,NC_004603,1134,1110,91.982,27,1134,1485298,1486405,0.0,1596.0,0.9788359788359788
group_1987,NC_004605,1083,1083,98.061,1,1083,1662003,1663085,0.0,1859.0,1.0
group_2009,NC_004603,858,858,97.319,1,858,1794774,1795631,0.0,1444.0,1.0
group_202,NC_004603,803,803,98.257,1,803,480967,480176,0.0,1391.0,1.0
group_2035,NC_004605,234,234,100.0,1,234,1409008,1408775,4.1599999999999996e-119,423.0,1.0
group_2037,NC_004605,234,234,74.359,1,234,1409008,1408775,1.12e-37,152.0,1.0
group_2105,NC_004603,282,233,74.249,1,233,392432,392664,4.800000000000001e-37,150.0,0.8262411347517731
group_2127,NC_004603,138,130,98.462,1,130,1633165,1633294,3.4e-60,226.0,0.9420289855072463
group_2295,NC_004603,144,144,93.75,1,144,1673870,1673727,5.31e-58,220.0,1.0
group_2324,NC_004605,1458,1458,98.765,1,1458,765164,766615,0.0,2550.0,1.0
group_2363,NC_004605,157,157,99.363,1,157,1625053,1624897,7.15e-76,279.0,1.0
group_238,NC_004603,213,214,96.262,1,213,392126,392339,2.37e-96,347.0,1.0046948356807512
group_2411,NC_004603,615,570,66.14,16,569,1936733,1936172,4.3600000000000004e-29,126.0,0.926829268292683
group_2648,NC_004603,828,828,88.285,1,828,1675018,1674191,0.0,1139.0,1.0
group_270,NC_004603,906,879,92.605,1,878,1632235,1633112,0.0,1286.0,0.9701986754966887
group_2783,NC_004605,597,597,100.0,1,597,1426106,1425510,0.0,1077.0,1.0
group_2806,NC_004603,240,240,97.917,1,240,3164206,3164445,2.7e-115,411.0,1.0
group_2984,NC_004605,405,357,68.347,46,401,1432342,1431987,8.06e-30,128.0,0.8814814814814815
group_3051,NC_004603,525,519,90.559,7,525,1127028,1126513,0.0,714.0,0.9885714285714285
group_3053,NC_004603,393,367,91.008,27,393,1125154,1125520,5.23e-146,514.0,0.9338422391857506
group_3076,NC_004605,582,582,99.313,1,582,759566,760146,0.0,1029.0,1.0
group_3087,NC_004605,555,526,83.84,1,524,1391491,1390967,5.780000000000001e-160,560.0,0.9477477477477477
group_3135,NC_004603,750,759,72.2,1,750,2850838,2850125,1.63e-111,399.0,1.012
group_3179,NC_004603,936,942,73.673,1,936,202287,203222,2.33e-161,565.0,1.0064102564102564
group_3273,NC_004603,441,413,97.821,1,413,1667809,1668221,0.0,705.0,0.9365079365079365
group_3306,NC_004605,1530,1288,93.634,243,1530,1439297,1440572,0.0,1960.0,0.8418300653594771
group_33436,NC_004603,400,400,96.5,1,400,1631681,1632080,0.0,659.0,1.0
group_3344,NC_004603,1062,1031,77.401,4,1031,223540,222513,0.0,792.0,0.9708097928436912
group_3392,NC_004603,606,606,93.564,1,606,2250069,2250674,0.0,918.0,1.0
group_34343,NC_004603,438,438,98.858,1,438,1938132,1937695,0.0,768.0,1.0
group_34382,NC_004603,477,478,79.916,1,477,1930296,1929820,8.93e-119,423.0,1.0020964360587001
group_34768,NC_004603,285,285,94.737,1,285,1929656,1929372,4.53e-126,447.0,1.0
group_35164,NC_004603,136,112,92.857,25,136,1906337,1906226,2.7499999999999997e-42,167.0,0.8235294117647058
group_3524,NC_004605,1119,1119,100.0,1,1119,434276,435394,0.0,2019.0,1.0
group_3525,NC_004603,240,228,84.211,1,228,1125020,1124794,6.8e-66,246.0,0.95
group_35353,NC_004603,1662,1633,78.138,1,1633,1838070,1836438,0.0,1336.0,0.9825511432009627
group_35637,NC_004603,489,489,98.16,1,489,1930296,1929808,0.0,842.0,1.0
group_35639,NC_004603,546,546,94.872,1,546,1906186,1905641,0.0,859.0,1.0
group_35640,NC_004603,645,602,88.206,48,645,1946782,1946182,0.0,748.0,0.9333333333333333
group_35641,NC_004603,360,360,77.778,1,360,1908176,1907817,9.850000000000001e-79,289.0,1.0
group_35780,NC_004603,381,362,84.254,1,362,1913230,1912869,9.78e-111,397.0,0.9501312335958005
group_35863,NC_004603,285,285,92.982,1,285,1928666,1928950,1.48e-119,425.0,1.0
group_35864,NC_004603,279,279,89.964,1,279,1928947,1929225,1.88e-105,378.0,1.0
group_36188,NC_004603,414,414,94.444,1,414,1947999,1947586,0.0,644.0,1.0
group_36564,NC_004603,639,641,88.924,1,639,1928141,1927502,0.0,826.0,1.0031298904538342
group_36605,NC_004603,681,681,100.0,1,681,1916500,1915820,0.0,1229.0,1.0
group_36641,NC_004603,555,555,94.234,1,555,1928044,1927490,0.0,857.0,1.0
group_36785,NC_004603,468,469,74.414,1,468,1902733,1902266,2.51e-81,298.0,1.0021367521367521
group_36983,NC_004603,567,525,94.857,44,567,1922952,1922430,0.0,820.0,0.9259259259259259
group_3700,NC_004605,249,249,95.181,1,249,1413052,1412804,6.19e-111,396.0,1.0
group_37704,NC_004603,327,276,89.855,52,326,1912531,1912256,1.16e-102,369.0,0.8440366972477065
group_3809,NC_004603,843,842,98.812,1,841,1914153,1913312,0.0,1471.0,0.9988137603795967
group_3816,NC_004605,1038,1038,81.214,1,1038,392292,393329,0.0,994.0,1.0
group_382,NC_004603,1470,1470,99.184,1,1470,1042470,1043930,0.0,2597.0,1.0
group_38406,NC_004603,555,555,98.559,1,555,1928044,1927490,0.0,966.0,1.0
group_38525,NC_004603,489,471,78.769,24,489,1905653,1905187,1.1899999999999998e-104,376.0,0.9631901840490797
group_38683,NC_004603,477,477,90.985,1,477,1919866,1919390,0.0,667.0,1.0
group_38739,NC_004603,615,565,90.265,1,565,1920542,1919978,0.0,780.0,0.9186991869918699
group_38742,NC_004603,390,390,88.462,1,390,1919270,1918881,3.2699999999999998e-142,501.0,1.0
group_38963,NC_004603,459,450,90.0,1,449,1899911,1900360,1.27e-173,606.0,0.9803921568627451
group_3908,NC_004603,984,985,86.294,2,984,649061,650043,0.0,1163.0,1.0010162601626016
group_39150,NC_004603,546,546,93.04,1,546,1906186,1905641,0.0,814.0,1.0
group_3916,NC_004603,825,809,95.426,1,809,398559,399367,0.0,1293.0,0.9806060606060606
group_3917,NC_004603,1248,1248,93.99,1,1247,397840,396593,0.0,1910.0,1.0
group_39466,NC_004603,327,275,89.818,52,325,1920408,1920134,4.04e-102,367.0,0.8409785932721713
group_39914,NC_004603,639,639,81.534,1,639,1941237,1940599,2.33e-178,621.0,1.0
group_39997,NC_004603,1071,1071,98.226,1,1071,1918755,1917688,0.0,1845.0,1.0
group_40337,NC_004603,828,806,70.347,1,803,398559,399361,1.58e-99,360.0,0.9734299516908212
group_4084,NC_004605,210,210,96.667,1,210,1388311,1388102,2.33e-96,348.0,1.0
group_40846,NC_004603,375,375,98.4,1,375,1931936,1931562,0.0,650.0,1.0
group_40959,NC_004603,384,384,99.219,1,384,1922810,1922430,0.0,678.0,1.0
group_40965,NC_004603,312,312,98.397,1,312,1914619,1914308,2.95e-154,541.0,1.0
group_40969,NC_004603,435,413,90.073,25,435,1928607,1928198,2.3200000000000002e-157,552.0,0.9494252873563218
group_40972,NC_004603,603,603,98.176,1,603,1925552,1924950,0.0,1039.0,1.0
group_40980,NC_004603,285,275,66.182,1,273,1455125,1455396,5.54e-11,64.4,0.9649122807017544
group_410,NC_004605,552,552,94.928,1,552,1419228,1418677,0.0,870.0,1.0
group_41006,NC_004603,552,553,85.172,1,552,1930296,1929744,1.6500000000000003e-179,625.0,1.0018115942028984
group_41032,NC_004603,417,417,97.842,1,417,1908176,1907760,0.0,712.0,1.0
group_4137,NC_004605,1236,1236,100.0,1,1236,436280,437515,0.0,2230.0,1.0
group_4155,NC_004605,726,726,93.526,1,726,1433691,1432966,0.0,1098.0,1.0
group_4224,NC_004605,783,783,95.147,1,783,1404375,1403593,0.0,1242.0,1.0
group_4240,NC_004605,651,651,81.874,1,651,1420391,1419744,0.0,641.0,1.0
group_4249,NC_004605,300,300,98.0,1,300,217284,216986,1.37e-145,511.0,1.0
group_432,NC_004605,591,591,94.585,1,591,1382549,1381959,0.0,922.0,1.0
group_435,NC_004605,516,421,99.05,1,421,388634,389054,0.0,742.0,0.8158914728682171
group_4355,NC_004603,894,776,77.964,125,893,1633437,1634202,4.02e-177,618.0,0.8680089485458613
group_4380,NC_004605,1002,1002,100.0,1,1002,1421404,1420403,0.0,1808.0,1.0
group_44,NC_004605,2631,2631,99.278,1,2631,1041000,1043624,0.0,4661.0,1.0
group_4568,NC_004603,1878,1880,88.989,1,1878,1131681,1129807,0.0,2446.0,1.0010649627263046
group_4597,NC_004603,393,367,87.466,27,393,1125154,1125520,1.23e-128,455.0,0.9338422391857506
group_4613,NC_004603,804,814,78.501,1,802,383667,382878,0.0,690.0,1.0124378109452736
group_4683,NC_004605,522,522,86.973,1,522,938772,938278,0.0,651.0,1.0
group_4742,NC_004603,381,381,90.814,1,381,118354,118003,2.0100000000000002e-157,552.0,1.0
group_4781,NC_004605,888,888,99.887,1,888,1453093,1453980,0.0,1598.0,1.0
group_4810,NC_004603,555,489,81.595,74,555,1940022,1939537,6.18e-128,454.0,0.8810810810810811
group_4813,NC_004605,684,684,95.175,1,684,1413728,1413045,0.0,1086.0,1.0
group_4814,NC_004605,309,270,80.37,43,309,1414733,1414467,3.8100000000000005e-64,241.0,0.8737864077669902
group_4856,NC_004605,711,711,94.093,1,711,1403242,1402532,0.0,1094.0,1.0
group_4857,NC_004605,363,363,95.317,1,363,1402204,1401842,1.38e-165,579.0,1.0
group_4858,NC_004605,690,690,93.623,1,690,1405517,1404828,0.0,1047.0,1.0
group_4863,NC_004603,165,164,87.195,2,165,1974537,1974700,1.6699999999999999e-52,202.0,0.9939393939393939
group_488,NC_004603,297,260,96.923,1,260,2470278,2470019,2.9900000000000003e-122,434.0,0.8754208754208754
group_4979,NC_004605,378,378,97.884,1,378,1432360,1431983,0.0,646.0,1.0
group_4991,NC_004605,2319,2354,69.584,1,2317,1328283,1330596,0.0,939.0,1.015092712376024
group_5014,NC_004605,627,627,99.522,1,627,1467625,1467002,0.0,1116.0,1.0
group_5032,NC_004605,2064,2064,98.304,1,2064,1379648,1377600,0.0,3574.0,1.0
group_505,NC_004605,300,300,97.667,1,300,1431403,1431104,4.78e-145,510.0,1.0
group_5059,NC_004603,222,198,86.364,1,198,1975135,1974938,1.13e-62,236.0,0.8918918918918919
group_5134,NC_004603,192,192,86.979,1,192,1679799,1679608,3.34e-62,234.0,1.0
group_5139,NC_004605,1875,1875,98.56,1,1875,1467005,1465131,0.0,3260.0,1.0
group_5140,NC_004605,954,930,85.484,25,954,1465110,1464181,0.0,1069.0,0.9748427672955975
group_523,NC_004603,888,823,94.654,66,888,1632312,1633134,0.0,1287.0,0.9268018018018018
group_5239,NC_004605,1209,1209,97.849,1,1209,938772,937565,0.0,2060.0,1.0
group_5241,NC_004603,456,456,87.719,1,456,1676452,1676000,9.080000000000001e-163,569.0,1.0
group_5308,NC_004603,465,379,88.127,1,377,1659120,1658743,1.57e-134,475.0,0.8150537634408602
group_5343,NC_004605,495,495,97.172,1,495,812822,813316,0.0,830.0,1.0
group_5357,NC_004603,1083,1083,81.163,1,1083,1443999,1445081,0.0,1034.0,1.0
group_5359,NC_004603,4650,3925,87.006,728,4650,2849255,2845333,0.0,4765.0,0.8440860215053764
group_538,NC_004605,258,258,91.473,1,258,1438035,1437778,3.12e-102,367.0,1.0
group_539,NC_004605,459,459,90.85,1,459,1437241,1436783,0.0,639.0,1.0
group_5390,NC_004603,345,292,92.123,1,292,403433,403142,6.329999999999999e-119,424.0,0.8463768115942029
group_5426,NC_004605,120,120,89.167,1,120,1684119,1684012,8.24e-42,165.0,1.0
group_5433,NC_004603,414,414,99.758,1,414,2354061,2353648,0.0,743.0,1.0
group_5557,NC_004603,150,149,91.946,1,149,391608,391460,6.79e-57,215.0,0.9933333333333333
group_5574,NC_004605,1107,1107,91.418,1,1107,1397925,1396819,0.0,1569.0,1.0
group_5579,NC_004603,477,395,94.684,1,395,1667809,1668203,2.09e-177,618.0,0.8280922431865828
group_5587,NC_004603,573,532,72.932,43,573,230313,230843,7.31e-83,304.0,0.9284467713787086
group_5609,NC_004605,741,741,87.314,1,741,938281,937565,0.0,930.0,1.0
group_5698,NC_004603,120,113,99.115,8,120,2256311,2256423,4e-52,200.0,0.9416666666666667
group_5752,NC_004605,204,211,76.303,1,202,939350,939146,6.469999999999999e-40,160.0,1.0343137254901962
group_5767,NC_004603,186,186,100.0,1,186,2976732,2976917,3.67e-93,336.0,1.0
group_5794,NC_004605,103,101,98.02,3,103,190621,190720,1.6000000000000001e-43,170.0,0.9805825242718447
group_5807,NC_004603,4401,3723,97.448,1,3723,1627036,1630734,0.0,6304.0,0.8459441036128152
group_584,NC_004605,276,276,99.275,1,276,432614,432889,4.09e-139,489.0,1.0
group_5854,NC_004605,459,440,82.273,20,459,1347839,1347400,9.16e-125,443.0,0.9586056644880174
group_5912,NC_004603,252,252,96.032,1,252,2583037,2583282,2.85e-115,411.0,1.0
group_5956,NC_004603,2328,2328,99.141,1,2328,61411,59090,0.0,4110.0,1.0
group_5985,NC_004603,183,183,98.361,1,183,798765,798583,3.37e-87,317.0,1.0
group_6078,NC_004605,855,856,99.299,1,855,1398845,1397990,0.0,1514.0,1.001169590643275
group_6080,NC_004603,1233,1013,79.072,223,1232,1632125,1633133,0.0,856.0,0.8215733982157339
group_6099,NC_004603,1233,1213,78.483,1,1213,3087672,3086460,0.0,1012.0,0.9837793998377939
group_6104,NC_004603,1173,1178,76.825,1,1173,3087825,3088997,0.0,863.0,1.0042625745950555
group_6120,NC_004603,906,815,79.755,88,898,1633391,1634205,0.0,726.0,0.8995584988962473
group_617,NC_004603,885,809,74.907,85,884,1632334,1633133,8.21e-148,520.0,0.9141242937853107
group_6245,NC_004605,996,996,94.578,1,996,1821846,1820851,0.0,1553.0,1.0
group_6346,NC_004603,888,823,89.186,66,888,1632312,1633134,0.0,1084.0,0.9268018018018018
group_6353,NC_004605,261,260,69.615,1,260,1462162,1461903,1.11e-25,113.0,0.9961685823754789
group_6367,NC_004603,246,221,76.471,1,219,1670197,1669978,3.39e-38,154.0,0.8983739837398373
group_6370,NC_004605,1377,1371,75.492,1,1365,1462752,1464113,0.0,954.0,0.9956427015250545
group_6419,NC_004603,972,971,77.652,1,970,1445890,1446859,0.0,766.0,0.9989711934156379
group_6457,NC_004603,636,612,78.758,3,614,1446867,1447478,2.04e-147,518.0,0.9622641509433962
group_6551,NC_004603,723,721,98.752,3,723,2004078,2003359,0.0,1257.0,0.9972337482710927
group_6571,NC_004603,280,280,99.643,1,280,1443736,1443458,2.8e-141,498.0,1.0
group_6618,NC_004605,519,519,99.037,1,519,1799162,1799680,0.0,914.0,1.0
group_6652,NC_004603,630,630,98.095,1,630,2096460,2095831,0.0,1083.0,1.0
group_6682,NC_004603,240,211,93.365,1,198,1817168,1817378,8.83e-90,325.0,0.8791666666666667
group_6699,NC_004603,108,108,87.963,1,107,2663032,2662926,5.21e-31,130.0,1.0
group_6737,NC_004605,1398,1398,100.0,1,1398,432886,434283,0.0,2522.0,1.0
group_675,NC_004603,1767,1767,97.34,1,1767,1483454,1485205,0.0,2984.0,1.0
group_6775,NC_004605,1614,1402,71.897,202,1599,349134,347741,0.0,719.0,0.8686493184634448
group_6783,NC_004605,597,600,83.167,1,597,1460823,1461419,6.230000000000001e-179,624.0,1.0050251256281406
group_6820,NC_004603,1020,1020,100.0,1,1020,214337,215356,0.0,1840.0,1.0
group_6831,NC_004603,783,669,75.635,57,725,1348205,1347537,3.29e-133,472.0,0.8544061302681992
group_6833,NC_004603,720,720,100.0,1,720,213621,214340,0.0,1299.0,1.0
group_6834,NC_004605,1374,1370,75.985,1,1370,1462752,1464121,0.0,988.0,0.9970887918486172
group_6836,NC_004605,1926,1928,88.434,1,1926,1457867,1459789,0.0,2470.0,1.0010384215991692
group_6866,NC_004605,753,753,96.414,1,753,1409747,1408995,0.0,1237.0,1.0
group_6876,NC_004603,136,136,94.853,1,136,1965211,1965076,2.11e-56,214.0,1.0
group_690,NC_004605,450,450,98.667,1,450,753260,753709,0.0,785.0,1.0
group_6923,NC_004603,276,276,98.913,1,276,1969204,1968929,1.74e-137,485.0,1.0
group_699,NC_004605,255,255,98.824,1,255,750849,751103,4.01e-126,447.0,1.0
group_6990,NC_004603,210,201,84.577,10,210,1969976,1970173,2.8400000000000003e-57,217.0,0.9571428571428572
group_6996,NC_004605,1203,1203,97.672,1,1203,1456679,1457866,0.0,2053.0,1.0
group_7012,NC_004603,438,437,88.787,1,436,3192373,3192807,2.49e-163,571.0,0.997716894977169
group_7046,NC_004605,1047,1013,71.076,38,1047,1434711,1433702,2.62e-142,503.0,0.9675262655205349
group_7081,NC_004605,807,807,96.53,1,807,1422579,1421773,0.0,1330.0,1.0
group_7083,NC_004603,507,507,100.0,1,507,1506285,1506791,0.0,915.0,1.0
group_7084,NC_004603,411,411,100.0,1,411,1508337,1508747,0.0,742.0,1.0
group_7090,NC_004603,3390,3390,100.0,1,3390,1515439,1512050,0.0,6114.0,1.0
group_7094,NC_004603,600,600,100.0,1,600,1517276,1517875,0.0,1083.0,1.0
group_710,NC_004603,768,769,77.763,1,768,204823,204056,1.7799999999999999e-174,609.0,1.0013020833333333
group_7114,NC_004603,729,729,100.0,1,729,669226,668498,0.0,1315.0,1.0
group_7127,NC_004605,375,375,96.0,1,375,1408760,1408386,8.41e-175,609.0,1.0
group_7175,NC_004603,468,469,72.708,1,459,2384491,2384949,3.27e-67,251.0,1.0021367521367521
group_7184,NC_004605,873,873,98.74,1,873,1199647,1198781,0.0,1526.0,1.0
group_7207,NC_004603,120,120,95.833,1,120,2729395,2729276,1.7e-50,195.0,1.0
group_7215,NC_004603,2205,2205,97.279,1,2205,1522119,1524323,0.0,3707.0,1.0
group_7216,NC_004603,645,597,99.497,49,645,1524320,1524916,0.0,1064.0,0.9255813953488372
group_7217,NC_004603,588,588,99.49,1,587,1524931,1525518,0.0,1044.0,1.0
group_7218,NC_004603,543,546,99.084,1,543,1525615,1526160,0.0,952.0,1.0055248618784531
group_7219,NC_004603,576,574,97.561,3,576,1526423,1526996,0.0,973.0,0.9965277777777778
group_7273,NC_004605,1095,975,97.128,1,975,1389595,1388621,0.0,1633.0,0.8904109589041096
group_7276,NC_004605,258,258,98.45,1,258,544402,544145,1.1599999999999999e-126,448.0,1.0
group_7288,NC_004605,1209,1115,74.26,1,1103,1452705,1451598,0.0,699.0,0.9222497932175352
group_7308,NC_004603,771,716,71.089,1,713,1468883,1469595,3.2399999999999996e-95,346.0,0.9286640726329443
group_731,NC_004605,480,480,100.0,1,480,1082023,1081544,0.0,866.0,1.0
group_7396,NC_004603,1935,1935,99.432,1,1935,688251,690184,0.0,3437.0,1.0
group_7406,NC_004603,986,986,99.594,1,986,747274,746289,0.0,1761.0,1.0
group_7433,NC_004603,999,999,100.0,1,999,1510503,1511501,0.0,1802.0,1.0
group_7437,NC_004603,1326,1326,100.0,1,1326,1519904,1521229,0.0,2392.0,1.0
group_7438,NC_004603,792,792,100.0,1,792,1521226,1522017,0.0,1429.0,1.0
group_7442,NC_004603,501,501,100.0,1,501,1519392,1519892,0.0,904.0,1.0
group_7476,NC_004603,129,129,100.0,1,129,1675146,1675018,2.12e-62,233.0,1.0
group_7500,NC_004603,165,165,93.939,1,165,1974536,1974700,3.02e-68,253.0,1.0
group_7540,NC_004605,1389,1389,97.84,1,1389,100650,99262,0.0,2370.0,1.0
group_7582,NC_004603,471,471,98.514,1,471,1899911,1900381,0.0,819.0,1.0
group_7589,NC_004605,486,486,93.004,1,486,1407900,1408385,0.0,724.0,1.0
group_7599,NC_004603,570,472,94.703,44,515,1527058,1527528,0.0,736.0,0.8280701754385965
group_76,NC_004605,735,735,100.0,1,735,440038,440772,0.0,1326.0,1.0
group_7612,NC_004603,570,494,93.522,22,515,1527036,1527528,0.0,744.0,0.8666666666666667
group_7637,NC_004603,321,321,99.688,1,321,1971411,1971730,1.79e-163,572.0,1.0
group_7661,NC_004605,318,318,94.654,1,318,942895,942584,9.209999999999999e-142,499.0,1.0
group_7707,NC_004605,321,321,100.0,1,321,70250,70570,3.4600000000000004e-166,580.0,1.0
group_7775,NC_004603,387,389,93.573,1,387,1673539,1673153,3.4600000000000004e-167,584.0,1.0051679586563307
group_7800,NC_004603,114,114,91.228,1,114,391446,391333,9.43e-41,161.0,1.0
group_7804,NC_004605,267,230,87.826,1,230,945239,945010,7.150000000000001e-79,289.0,0.8614232209737828
group_7807,NC_004603,2169,2170,98.525,1,2169,1508337,1510506,0.0,3766.0,1.0004610419548179
group_7809,NC_004603,201,201,98.507,1,201,670366,670566,6.35e-97,350.0,1.0
group_7810,NC_004603,183,183,98.907,1,183,690614,690796,7.93e-89,322.0,1.0
group_7830,NC_004603,1591,1591,98.806,1,1591,1504684,1506274,0.0,2784.0,1.0
group_7832,NC_004603,1377,1378,99.202,1,1377,1516838,1515461,0.0,2433.0,1.0007262164124908
group_7833,NC_004603,1527,1527,98.101,1,1527,1517885,1519399,0.0,2630.0,1.0
group_7838,NC_004603,1476,1476,100.0,1,1476,1506800,1508275,0.0,2663.0,1.0
group_7843,NC_004603,231,229,77.293,1,229,1660991,1661219,7.94e-46,179.0,0.9913419913419913
group_7844,NC_004603,147,139,79.137,9,147,1673865,1673727,3.92e-28,121.0,0.9455782312925171
group_7884,NC_004605,180,180,99.444,1,180,943054,942876,3.31e-87,317.0,1.0
group_7897,NC_004605,882,886,97.856,1,882,1366246,1367127,0.0,1511.0,1.0045351473922903
group_7925,NC_004603,138,138,100.0,1,138,1633165,1633302,2.98e-67,250.0,1.0
group_7939,NC_004603,519,483,97.723,37,519,1948068,1947586,0.0,822.0,0.930635838150289
group_7942,NC_004603,714,714,97.899,1,714,1170232,1170945,0.0,1221.0,1.0
group_7952,NC_004603,345,345,100.0,1,345,1663157,1663501,3.49e-179,623.0,1.0
group_7955,NC_004603,1116,1122,77.184,1,1116,1671940,1670828,0.0,843.0,1.0053763440860215
group_7956,NC_004605,318,318,95.283,1,318,939350,939033,6.2e-144,507.0,1.0
group_7972,NC_004603,519,519,97.881,1,519,674512,675021,0.0,891.0,1.0
group_7984,NC_004603,159,172,90.116,1,159,1664891,1665062,1.82e-64,242.0,1.0817610062893082
group_7986,NC_004603,516,516,97.287,1,516,687727,688242,0.0,868.0,1.0
group_7996,NC_004603,402,335,90.746,1,335,1660628,1660962,2.43e-131,465.0,0.8333333333333334
group_7997,NC_004605,1183,1183,99.915,1,1183,942069,940888,0.0,2126.0,1.0
group_7998,NC_004603,369,369,95.664,1,369,1680747,1680386,5.22e-171,596.0,1.0
group_8012,NC_004603,1275,1277,98.669,1,1275,689308,690584,0.0,2220.0,1.0015686274509803
group_8016,NC_004603,1515,1515,100.0,1,1515,1661641,1663155,0.0,2733.0,1.0
group_8017,NC_004603,312,312,97.115,1,312,1974688,1974999,7.91e-149,523.0,1.0
group_8020,NC_004605,195,165,98.788,1,165,935753,935589,5.0400000000000003e-79,289.0,0.8461538461538461
group_8023,NC_004603,324,324,94.136,1,324,385256,385577,3.28e-141,497.0,1.0
group_8028,NC_004605,213,213,93.427,1,213,318016,318222,1.15e-87,318.0,1.0
group_8030,NC_004605,867,702,99.145,1,702,311714,312415,0.0,1240.0,0.8096885813148789
group_8042,NC_004603,501,484,92.562,17,500,1527024,1527505,0.0,709.0,0.9660678642714571
group_8044,NC_004603,1194,1123,82.814,1,1114,1659476,1660592,0.0,1138.0,0.940536013400335
group_8048,NC_004605,882,882,96.485,1,882,939159,938278,0.0,1473.0,1.0
group_8049,NC_004603,225,225,96.889,1,225,1974688,1974912,1.8099999999999998e-104,375.0,1.0
group_8050,NC_004603,210,210,94.286,1,210,1975135,1974926,7.61e-90,325.0,1.0
group_8063,NC_004605,798,798,88.221,1,798,466698,467489,0.0,1017.0,1.0
group_8065,NC_004603,283,283,93.64,1,283,1935797,1936075,1.21e-120,429.0,1.0
group_8085,NC_004603,912,928,83.19,1,912,1633280,1634203,0.0,971.0,1.0175438596491229
group_8090,NC_004605,528,528,85.417,1,528,938772,938278,0.0,631.0,1.0
group_8096,NC_004605,831,831,84.236,1,831,940636,939810,0.0,903.0,1.0
group_8098,NC_004603,900,890,98.09,11,900,1901774,1900885,0.0,1529.0,0.9888888888888889
group_8100,NC_004603,531,427,78.689,1,424,1913230,1912804,1.81e-96,350.0,0.8041431261770244
group_8104,NC_004605,531,532,97.744,1,531,1830569,1830038,0.0,902.0,1.0018832391713748
group_8106,NC_004603,366,367,95.095,1,366,1929737,1929372,1.69e-164,574.0,1.0027322404371584
group_8112,NC_004605,1871,1871,98.022,1,1871,67816,65948,0.0,3201.0,1.0
group_8126,NC_004603,600,565,82.301,1,565,1676963,1676465,3.9499999999999997e-175,610.0,0.9416666666666667
group_8128,NC_004603,1386,1386,100.0,1,1386,1663506,1664891,0.0,2500.0,1.0
group_8130,NC_004605,471,470,90.426,1,470,936445,935976,0.0,645.0,0.9978768577494692
group_8140,NC_004603,661,661,96.067,1,661,1670774,1670114,0.0,1076.0,1.0
group_8152,NC_004603,1836,1797,98.72,40,1836,1679281,1677485,0.0,3138.0,0.9787581699346405
group_8158,NC_004605,312,291,86.598,1,291,945239,944949,1.03e-96,350.0,0.9326923076923077
group_8165,NC_004603,876,876,97.26,1,876,1659277,1660149,0.0,1466.0,1.0
group_8166,NC_004603,372,372,100.0,1,372,375140,374769,0.0,672.0,1.0
group_8190,NC_004603,399,398,91.709,1,398,390899,391296,7.880000000000001e-163,570.0,0.9974937343358395
group_8197,NC_004603,636,636,95.597,1,636,671228,671839,0.0,1039.0,1.0
group_82,NC_004605,405,405,100.0,1,405,999917,1000321,0.0,731.0,1.0
group_8201,NC_004603,1506,1454,79.092,1,1451,390735,389291,0.0,1245.0,0.9654714475431607
group_8206,NC_004603,1020,1021,93.046,1,1020,387470,386450,0.0,1518.0,1.0009803921568627
group_8215,NC_004603,618,543,84.162,2,544,1932582,1932041,1.33e-168,589.0,0.8786407766990292
group_8227,NC_004605,177,149,94.631,5,152,1860058,1860206,3.7099999999999996e-61,230.0,0.8418079096045198
group_8231,NC_004603,285,275,83.636,1,275,1928666,1928940,6.3000000000000004e-80,294.0,0.9649122807017544
group_8245,NC_004605,1077,1068,94.757,10,1076,1395537,1396604,0.0,1671.0,0.9916434540389972
group_8246,NC_004603,564,566,91.343,4,564,1904769,1904207,0.0,794.0,1.00354609929078
group_8247,NC_004605,276,233,69.528,10,242,113501,113733,7.44e-22,101.0,0.8442028985507246
group_8264,NC_004603,594,602,95.681,1,594,1936748,1936147,0.0,972.0,1.0134680134680134
group_8265,NC_004603,495,495,100.0,1,495,1902760,1902266,0.0,893.0,1.0
group_8267,NC_004605,411,411,99.513,1,411,1410144,1409734,0.0,733.0,1.0
group_8274,NC_004603,255,255,92.157,1,255,2256166,2255912,2.5300000000000004e-103,370.0,1.0
group_8290,NC_004605,474,425,69.412,37,461,1333720,1334141,1.7199999999999998e-45,179.0,0.8966244725738397
group_8296,NC_004603,313,313,98.403,1,313,1674181,1673870,1.03e-153,539.0,1.0
group_8301,NC_004603,2493,2493,95.628,1,2493,395892,393400,0.0,4019.0,1.0
group_8306,NC_004605,1026,976,68.238,55,1026,1327585,1326614,2.93e-97,352.0,0.9512670565302144
group_8342,NC_004605,237,242,96.281,1,237,775709,775468,3.04e-108,388.0,1.021097046413502
group_8355,NC_004603,1005,1005,91.343,1,1005,1055249,1056232,0.0,1422.0,1.0
group_8366,NC_004605,136,136,96.324,1,136,658958,659093,4.07e-59,224.0,1.0
group_8371,NC_004605,546,546,97.802,1,546,1612398,1611853,0.0,931.0,1.0
group_8383,NC_004603,117,117,98.291,1,117,515051,515167,3.18e-53,203.0,1.0
group_8390,NC_004605,858,858,96.737,1,858,1366246,1367094,0.0,1425.0,1.0
group_8403,NC_004603,444,445,98.427,1,444,1811610,1811166,0.0,768.0,1.0022522522522523
group_8404,NC_004605,2709,2709,98.08,1,2709,1046430,1043734,0.0,4658.0,1.0
group_8437,NC_004605,543,543,96.869,1,543,759036,759578,0.0,903.0,1.0
group_8443,NC_004603,201,203,92.118,3,201,2146457,2146257,6.36e-78,287.0,1.0099502487562189
group_8444,NC_004603,177,177,98.305,1,177,2146357,2146533,5.87e-84,306.0,1.0
group_8448,NC_004605,534,534,99.251,1,534,1611849,1611316,0.0,946.0,1.0
group_8467,NC_004603,492,450,91.111,43,491,1527057,1527505,1.4600000000000001e-179,625.0,0.9146341463414634
group_8472,NC_004603,159,164,81.098,2,159,1974537,1974700,1.71e-39,158.0,1.0314465408805031
group_8475,NC_004603,288,288,87.153,1,288,1927789,1927502,7.76e-98,353.0,1.0
group_8493,NC_004603,315,315,96.825,1,315,1455125,1455438,2.7900000000000002e-148,520.0,1.0
group_8509,NC_004605,573,586,97.099,1,573,306512,307097,0.0,988.0,1.0226876090750436
group_851,NC_004603,208,208,88.462,1,208,1679815,1679608,1.77e-72,268.0,1.0
group_8538,NC_004605,192,192,96.354,1,192,945427,945236,1.24e-86,315.0,1.0
group_8567,NC_004605,1386,1389,96.976,1,1386,760148,761533,0.0,2313.0,1.0021645021645023
group_8589,NC_004603,945,948,89.346,1,945,1501502,1502446,0.0,1251.0,1.0031746031746032
group_8591,NC_004603,150,150,98.667,1,150,1645896,1646045,5.21e-71,262.0,1.0
group_8655,NC_004605,255,255,90.196,1,255,664073,664326,3.52e-95,344.0,1.0
group_8660,NC_004605,459,443,96.163,1,443,750654,750212,0.0,723.0,0.9651416122004357
group_8669,NC_004603,633,634,86.593,1,633,176878,176246,0.0,754.0,1.0015797788309637
group_8675,NC_004605,228,235,96.596,1,228,893224,892990,2.3900000000000003e-109,390.0,1.030701754385965
group_8681,NC_004605,192,192,96.875,1,192,945427,945236,2.93e-88,320.0,1.0
group_8685,NC_004603,492,492,98.984,1,492,1454541,1455032,0.0,866.0,1.0
group_8698,NC_004603,480,481,73.805,1,475,2850177,2849702,1.98e-76,283.0,1.0020833333333334
group_8702,NC_004605,759,759,88.538,1,759,941645,940888,0.0,974.0,1.0
group_8719,NC_004603,1071,1071,100.0,1,1071,2512965,2511895,0.0,1932.0,1.0
group_8723,NC_004605,1095,1095,98.082,1,1095,757951,759039,0.0,1882.0,1.0
group_8724,NC_004605,867,867,100.0,1,867,757085,757951,0.0,1564.0,1.0
group_875,NC_004603,1011,1012,98.913,1,1011,2532082,2531071,0.0,1773.0,1.0009891196834817
group_8756,NC_004603,900,813,87.7,88,900,1633391,1634203,0.0,1016.0,0.9033333333333333
group_8778,NC_004605,3516,3516,100.0,1,3516,1523179,1519664,0.0,6341.0,1.0
group_8779,NC_004605,11331,11331,98.235,1,11331,1534543,1523249,0.0,19561.0,1.0
group_8803,NC_004605,213,213,95.305,1,213,1151243,1151036,3.5099999999999996e-94,340.0,1.0
group_8819,NC_004603,972,972,100.0,1,972,1445890,1446861,0.0,1754.0,1.0
group_8824,NC_004603,324,324,98.765,1,324,2121568,2121891,2.21e-162,567.0,1.0
group_8830,NC_004603,1017,1017,100.0,1,1017,2530151,2529135,0.0,1835.0,1.0
group_8832,NC_004605,142,142,96.479,1,142,1151654,1151513,2.37e-62,234.0,1.0
group_8856,NC_004603,4386,3700,90.27,1,3695,1627036,1630730,0.0,5032.0,0.84359325125399
group_8888,NC_004605,132,136,92.647,1,132,164458,164592,5.46e-51,196.0,1.0303030303030303
group_8897,NC_004605,405,405,99.012,1,405,638594,638998,0.0,713.0,1.0
group_8909,NC_004603,336,338,78.698,1,335,1968916,1968582,7.05e-74,273.0,1.005952380952381
group_8920,NC_004605,480,486,92.593,1,480,285145,285609,0.0,730.0,1.0125
group_893,NC_004603,903,909,86.139,1,903,1633304,1634203,0.0,1067.0,1.0066445182724253
group_8931,NC_004603,918,836,86.603,88,918,1633391,1634203,0.0,997.0,0.9106753812636166
group_8936,NC_004603,261,230,90.87,1,230,1679611,1679382,4.12e-88,321.0,0.8812260536398467
group_8943,NC_004605,221,221,99.095,1,221,22891,23110,2.81e-108,387.0,1.0
group_895,NC_004603,912,910,84.396,13,912,1633307,1634203,0.0,991.0,0.9978070175438597
group_8984,NC_004603,306,348,83.046,1,306,3078168,3077831,6.37e-112,400.0,1.1372549019607843
group_8989,NC_004603,1185,1185,97.722,1,1185,1440189,1439008,0.0,2014.0,1.0
group_8998,NC_004605,201,201,98.01,1,201,570106,569907,9.419999999999999e-95,342.0,1.0
group_9000,NC_004603,1182,1115,69.955,1,1106,1121252,1122357,5.02e-133,472.0,0.94331641285956
group_9015,NC_004603,909,913,85.542,1,909,1633304,1634203,0.0,1040.0,1.0044004400440043
group_9016,NC_004605,642,642,99.065,1,642,392292,392932,0.0,1128.0,1.0
group_9062,NC_004603,1746,1745,97.88,1,1744,1441102,1439358,0.0,2977.0,0.9994272623138603
group_9079,NC_004605,164,164,96.341,1,164,870312,870474,4.75e-72,266.0,1.0
group_9099,NC_004605,636,636,100.0,1,636,70611,71246,0.0,1148.0,1.0
group_9111,NC_004603,108,106,96.226,3,108,604464,604569,1.4e-44,174.0,0.9814814814814815
group_912,NC_004605,834,834,98.082,1,834,340576,341394,0.0,1442.0,1.0
group_914,NC_004605,1212,1212,98.845,1,1212,339365,340576,0.0,2123.0,1.0
group_9229,NC_004603,543,543,81.031,1,543,1928044,1927502,2.11e-146,516.0,1.0
group_924,NC_004603,150,149,91.275,1,149,391608,391460,2.8899999999999997e-55,211.0,0.9933333333333333
group_9286,NC_004605,717,717,96.653,1,717,938281,937565,0.0,1186.0,1.0
group_9297,NC_004605,180,180,97.222,1,180,668426,668605,7.29e-83,303.0,1.0
group_9312,NC_004605,1362,1362,98.899,1,1362,389632,390987,0.0,2390.0,1.0
group_9344,NC_004605,762,621,98.39,1,621,1868905,1868288,0.0,1074.0,0.8149606299212598
group_9376,NC_004603,219,219,93.607,1,219,1266555,1266349,1.26e-93,339.0,1.0
group_9394,NC_004603,1116,1116,99.731,1,1116,218330,219445,0.0,2000.0,1.0
group_9446,NC_004605,225,225,91.111,1,225,1830814,1830591,5.1900000000000004e-86,313.0,1.0
group_9502,NC_004605,951,942,99.575,1,942,1661034,1661975,0.0,1682.0,0.9905362776025236
group_954,NC_004605,1131,1128,99.557,4,1131,1700691,1701818,0.0,2012.0,0.9973474801061007
group_9542,NC_004605,429,415,93.735,1,415,933840,934254,0.0,632.0,0.9673659673659674
group_9543,NC_004603,453,413,84.262,1,413,1667809,1668221,1.74e-127,453.0,0.9116997792494481
group_9580,NC_004605,147,147,96.599,1,147,1806079,1806225,4.77e-65,243.0,1.0
group_9606,NC_004605,684,699,68.383,1,684,1413728,1413045,3.5000000000000003e-56,215.0,1.0219298245614035
group_9614,NC_004605,331,331,98.489,1,331,812460,812789,1.8500000000000003e-163,572.0,1.0
group_9708,NC_004605,1887,1853,70.049,1,1839,1425513,1423675,0.0,816.0,0.9819819819819819
group_9742,NC_004603,900,900,94.111,1,900,1632235,1633134,0.0,1385.0,1.0
group_9755,NC_004605,618,618,94.498,1,618,1539120,1538530,0.0,982.0,1.0
group_9766,NC_004605,4500,4500,98.044,1,4500,1449484,1444991,0.0,7720.0,1.0
group_9767,NC_004605,111,111,99.099,1,111,1444198,1444308,4.42e-51,196.0,1.0
group_9794,NC_004605,1050,1050,95.429,1,1050,1434751,1433702,0.0,1678.0,1.0
group_9795,NC_004605,618,618,97.735,1,618,1432919,1432302,0.0,1052.0,1.0
group_9796,NC_004605,129,129,87.597,1,129,940764,940636,1.1e-40,161.0,1.0
group_9850,NC_004605,765,754,98.674,12,765,741946,741193,0.0,1315.0,0.9856209150326798
group_9865,NC_004603,903,823,78.858,88,903,1633391,1634203,0.0,666.0,0.9114064230343301
group_9868,NC_004605,1665,1665,98.498,1,1665,755422,757085,0.0,2887.0,1.0
group_9871,NC_004603,900,819,83.761,88,900,1633391,1634203,0.0,853.0,0.91
group_9897,NC_004603,633,636,89.465,1,633,176878,176246,0.0,838.0,1.004739336492891
group_9939,NC_004605,228,228,96.93,1,228,935961,935734,4.32e-106,380.0,1.0
group_9947,NC_004603,1140,1140,97.368,1,1140,1398942,1400081,0.0,1921.0,1.0
group_9965,NC_004603,867,876,88.356,16,867,1672796,1671945,0.0,1146.0,1.0103806228373702
group_9988,NC_004603,1104,1104,99.547,1,1104,1444008,1445110,0.0,1966.0,1.0
group_9994,NC_004603,1806,1806,98.837,1,1806,674355,672556,0.0,3164.0,1.0
gtaB_1~~~gtaB_3~~~gtaB_2,NC_004603,927,927,91.046,1,927,250851,251776,0.0,1295.0,1.0
gtaB_3~~~gtaB_2~~~gtaB_1,NC_004603,894,820,75.0,4,822,250898,251713,2.08e-155,546.0,0.9172259507829977
hdfR_11~~~hdfR_2~~~pgrR_2~~~pgrR_3~~~pgrR_6~~~pgrR_4,NC_004603,930,930,98.602,1,930,1792636,1791707,0.0,1619.0,1.0
hdfR_9~~~hdfR_8~~~cynR_1~~~ampR~~~hdfR_5,NC_004605,909,909,97.25,1,909,749250,750158,0.0,1527.0,1.0
hipA_1~~~hipA_2~~~hipA_3~~~hipA,NC_004603,1422,1421,95.215,2,1422,403119,401699,0.0,2257.0,0.9992967651195499
hit~~~hit_2~~~hit_1,NC_004603,409,408,93.382,2,409,1921135,1920728,2.17e-176,615.0,0.9975550122249389
hns_2,NC_004603,411,340,65.882,19,354,1190110,1189775,4.53e-14,76.1,0.8272506082725061
hns_2~~~hns_1,NC_004603,414,387,68.734,28,413,1190098,1189719,4.5600000000000005e-33,138.0,0.9347826086956522
icaA,NC_004605,2355,2356,99.066,1,2355,390974,393329,0.0,4147.0,1.0004246284501062
intA_2~~~intS~~~intA_1~~~intA_3~~~intS_2~~~intA,NC_004603,1368,1368,96.126,1,1368,381054,382421,0.0,2229.0,1.0
intA_3~~~intA_2~~~intA_1~~~intA~~~intA_5~~~intA_4,NC_004603,1347,1347,94.581,1,1347,1127599,1128944,0.0,2097.0,1.0
iucA,NC_004605,1854,1854,96.278,1,1854,1780219,1782048,0.0,3050.0,1.0
kat,NC_004603,1320,1320,100.0,1,1320,215353,216672,0.0,2381.0,1.0
katB_1~~~katB~~~katB_2,NC_004605,1620,1620,98.272,1,1620,304896,306515,0.0,2796.0,1.0
kdgK_3~~~kdgK_1~~~kdgK~~~kdgK_2,NC_004605,961,961,98.439,1,961,72302,73262,0.0,1666.0,1.0
kdgK~~~kdgK_2~~~kdgK_3~~~kdgK_1~~~RBKS,NC_004605,984,984,94.715,1,984,1826940,1827917,0.0,1542.0,1.0
kdgM~~~kdgM_1,NC_004605,691,691,99.132,1,691,75939,76629,0.0,1220.0,1.0
kdgR~~~kdgR_1~~~kdgR_2,NC_004605,798,798,99.373,1,798,68697,67900,0.0,1417.0,1.0
kdkA~~~kdkA_2~~~kdkA_1,NC_004603,783,665,98.947,1,664,206439,207102,0.0,1161.0,0.8492975734355045
kduD,NC_004605,951,951,99.159,1,951,68751,69699,0.0,1673.0,1.0
lamB~~~lamB_2~~~lamB_1,NC_004605,1299,1299,95.689,1,1299,1754310,1753012,0.0,2091.0,1.0
legG,NC_004603,1203,1205,98.506,1,1203,209621,210825,0.0,2090.0,1.00166251039069
legG~~~legG_1~~~neuC~~~legG_2,NC_004603,1179,1174,72.487,1,1169,209621,210786,0.0,642.0,0.9957591178965225
legI~~~legI_1~~~neuB~~~legI_2,NC_004603,1074,1078,74.026,1,1074,210822,211895,0.0,667.0,1.0037243947858474
legI~~~neuB,NC_004603,1077,1077,96.379,1,1077,210822,211898,0.0,1767.0,1.0
leuO_1~~~leuO_8~~~leuO_7,NC_004605,855,803,76.961,1,800,99191,98392,5.699999999999999e-175,611.0,0.9391812865497076
leuO_1~~~leuO_8~~~yidZ_4~~~yidZ_3~~~leuO_6~~~yidZ_2~~~leuO_3~~~yidZ_1~~~leuO_4~~~pcpR_2,NC_004605,1062,1062,99.153,1,1062,764973,763912,0.0,1875.0,1.0
leuO_7~~~leuO_6~~~leuO_4~~~leuO_2~~~leuO_5~~~leuO_3~~~leuO_1~~~leuO_8~~~hdfR_3~~~hdfR_4,NC_004605,894,894,98.098,1,894,99191,98299,0.0,1533.0,1.0
licH_2~~~licH_1~~~chbF~~~licH_3~~~licH_4,NC_004605,1380,1381,96.452,1,1380,1813006,1814386,0.0,2267.0,1.0007246376811594
ligA_4~~~ligA_1~~~ligA_2,NC_004603,2043,1985,82.872,73,2043,833399,835363,0.0,2029.0,0.9716103768967205
lpp_2~~~bdbD_2~~~lpp_1,NC_004605,807,807,96.035,1,807,1048003,1047215,0.0,1324.0,1.0
lrp_2,NC_004603,528,528,98.106,1,528,1512017,1511498,0.0,911.0,1.0
ltaA,NC_004605,1116,1116,99.014,1,1116,823684,824799,0.0,1964.0,1.0
macA_2~~~macA_3~~~macA_1,NC_004605,1200,1198,99.082,3,1200,225002,226199,0.0,2112.0,0.9983333333333333
macB_5~~~macB_2~~~macB_3~~~macB_4~~~btuD_4~~~macB_1,NC_004605,2610,2611,98.621,1,2610,226201,228810,0.0,4540.0,1.000383141762452
malT_1~~~csgD~~~csgD_2,NC_004605,699,665,99.549,1,665,1540880,1540216,0.0,1187.0,0.9513590844062947
menG~~~COQ5_1~~~COQ5~~~desVI~~~COQ5_2~~~COQ5_3,NC_004603,1200,1201,98.585,1,1200,2097664,2096464,0.0,2086.0,1.0008333333333332
mepM_2~~~mepM_3,NC_004603,987,987,99.595,1,987,1470808,1469822,0.0,1763.0,1.0
mggB~~~yfkN~~~mggB_1~~~cpdB_1,NC_004605,1716,1714,98.191,3,1716,296115,294404,0.0,2945.0,0.9988344988344988
minD_1,NC_004603,1209,1209,77.171,1,1209,2534766,2533558,0.0,937.0,1.0
mkl,NC_004603,807,808,82.921,1,807,1445091,1445897,0.0,829.0,1.0012391573729864
mlaF_1~~~mkl,NC_004603,807,807,100.0,1,807,1445091,1445897,0.0,1456.0,1.0
mscM~~~mscK,NC_004603,2589,2589,100.0,1,2589,1447568,1450156,0.0,4670.0,1.0
nanR,NC_004605,819,820,99.39,1,819,1820755,1819936,0.0,1453.0,1.0012210012210012
nemA_2~~~nemA_3~~~nemA_4~~~nemA_1,NC_004605,1098,1066,72.233,16,1075,805478,804420,2.25e-162,569.0,0.970856102003643
ogl~~~ogl_2~~~ogl_1,NC_004605,1182,1182,99.239,1,1182,81003,82184,0.0,2092.0,1.0
ompA_2~~~ompA_9~~~ompA_1~~~ompA_6~~~ompA_7~~~ompA_11,NC_004605,984,911,72.558,67,971,252284,253185,4.74e-145,512.0,0.9258130081300813
opgE,NC_004603,1533,1350,73.037,187,1531,198917,200261,0.0,776.0,0.8806262230919765
oprF_7~~~pal_9,NC_004605,618,618,70.065,1,618,996883,997500,9.02e-76,281.0,1.0
paaF_2,NC_004605,777,777,92.149,1,777,1183269,1182493,0.0,1127.0,1.0
paaF_3~~~crt~~~paaF_1~~~paaF_2,NC_004605,780,780,93.718,1,780,1183272,1182493,0.0,1187.0,1.0
pal_11~~~pal_10~~~pal_2~~~pal_8~~~pal_5~~~oprF_5~~~pal_7,NC_004603,4761,4634,95.986,136,4761,1486534,1491144,0.0,7511.0,0.97332493173703
pal_2~~~pal_3~~~pal_4~~~pal_9~~~pal_7~~~pal_10~~~pal_6~~~pal_1~~~pal_5,NC_004605,906,906,98.565,1,906,1519654,1518749,0.0,1576.0,1.0
pal_9~~~pal_10~~~pal_6~~~pal_5~~~pal_2~~~pal_1~~~pal_8~~~pal_7~~~pal_4,NC_004605,573,573,97.382,1,573,761535,762098,0.0,970.0,1.0
pctA~~~pctC~~~pctC_2,NC_004605,1107,1107,99.458,1,1107,1810942,1812048,0.0,1970.0,1.0
pdeG~~~dosP~~~pdeG_1,NC_004605,711,648,66.358,49,690,1399076,1399717,7.03e-40,161.0,0.9113924050632911
pdeL~~~pdeG,NC_004605,699,696,94.109,1,696,1399040,1399735,0.0,1071.0,0.9957081545064378
pdxY_1~~~pdxY_3~~~pdxY_2,NC_004603,903,903,96.899,1,903,1451936,1452838,0.0,1503.0,1.0
pdxY_2~~~pdxY_1,NC_004605,858,824,65.777,16,824,1736187,1735379,8.54e-40,161.0,0.9603729603729604
pelX_2~~~pelX~~~pelX_1,NC_004605,2244,2244,97.772,1,2244,76645,78873,0.0,3831.0,1.0
per~~~arnB~~~desV~~~arnB_1,NC_004603,1182,1112,78.147,1,1112,246212,247323,0.0,911.0,0.9407783417935702
pglE,NC_004603,1152,1138,75.22,1,1136,208453,209588,0.0,767.0,0.9878472222222222
pglF_1~~~pglF,NC_004603,1191,1176,77.891,16,1191,207265,208440,0.0,949.0,0.9874055415617129
pglF~~~pglF_2~~~pglF_1,NC_004603,1191,1191,87.406,1,1191,207250,208440,0.0,1472.0,1.0
pgrR_4~~~dmlR_3~~~pgrR_1~~~dmlR_7~~~allS~~~hdfR_8~~~hdfR_5~~~dmlR_15~~~pgrR_5~~~pgrR_3~~~dmlR_11~~~dmlR_14~~~dmlR_12~~~dmlR_1~~~pgrR_2~~~dmlR_6~~~pgrR_6~~~dmlR_9~~~dmlR_8~~~dmlR_2~~~dmlR_13~~~dmlR_5,NC_004605,921,921,96.851,1,921,822575,821655,0.0,1531.0,1.0
pknD_2~~~pknD_3,NC_004603,2004,2004,100.0,1,2004,1502681,1504684,0.0,3615.0,1.0
polB_2~~~polB_3~~~polB~~~polB_1,NC_004603,2319,2364,96.954,1,2319,2038612,2040975,0.0,3975.0,1.019404915912031
polC_1~~~polC_2~~~polC_4~~~polC_3~~~dinG_1,NC_004605,636,632,95.886,1,625,821500,820869,0.0,1025.0,0.9937106918238994
polC_3~~~dinG_3~~~polC_2~~~dinG_4~~~dinG_5~~~dinG_1,NC_004605,699,676,79.142,24,699,821561,820886,6.4400000000000005e-167,584.0,0.9670958512160229
prsD,NC_004605,1722,1722,98.374,1,1722,1538468,1536750,0.0,2978.0,1.0
prsE_2~~~prsE_1,NC_004605,1341,1341,100.0,1,1341,1536775,1535435,0.0,2419.0,1.0
prtG,NC_004605,18279,18279,97.576,1,18279,668887,687141,0.0,30984.0,1.0
prt_1~~~prt_2~~~prt_3~~~prt_4,NC_004605,2382,2383,95.384,1,2382,744347,742040,0.0,3853.0,1.0004198152812762
pspB_3~~~cobC~~~gpgP~~~gpmA~~~pspB_1~~~pspB_2,NC_004603,612,601,97.338,1,601,1455515,1456115,0.0,1012.0,0.9820261437908496
rcsC_5~~~rcsC_6~~~luxQ_1~~~rcsC_10~~~rcsC_8~~~rcsC_3~~~rcsC_2~~~rcsC_11,NC_004603,1767,1697,97.466,66,1762,1656883,1658579,0.0,2867.0,0.9603848330503678
recA_2~~~recA_3,NC_004603,1059,995,77.99,13,1003,2694349,2693358,0.0,796.0,0.939565627950897
recD2~~~recD2_1~~~recD2_3~~~recD2_2,NC_004605,2172,2095,70.931,1,2085,1347403,1345319,0.0,988.0,0.964548802946593
rfaF,NC_004603,1059,1058,79.679,1,1058,223546,222489,0.0,939.0,0.9990557129367328
rfaQ,NC_004603,1062,1062,97.646,1,1062,205914,204859,0.0,1804.0,1.0
rfbB~~~fcl~~~rfbB_2,NC_004603,1851,1851,99.136,1,1851,1400812,1402662,0.0,3267.0,1.0
rffG~~~rffG_1~~~rffG_2~~~rfbB_1~~~rfbB~~~rfbB_2~~~rmlB~~~rmlB_1,NC_004603,1092,1093,87.74,1,1092,235048,236139,0.0,1361.0,1.000915750915751
rffH~~~rffH_2~~~rffH_1,NC_004603,900,795,69.811,2,780,236137,236921,2.25e-85,313.0,0.8833333333333333
rhaR_4~~~btr~~~rhaR_6~~~rhaR_1~~~rhaR_7~~~adaA~~~rhaR_3,NC_004603,759,759,95.257,1,759,2541900,2542625,0.0,1232.0,1.0
rhaR_5~~~rhaS_1~~~cdhR_1~~~cdhR~~~rhaR_2~~~rhaR_3~~~cdhR_3~~~rhaR_7~~~rhaR_6~~~rhaR_4,NC_004603,993,924,97.511,1,924,2089280,2088357,0.0,1563.0,0.9305135951661632
rhaR_7~~~rhaR_3~~~rhaR_4~~~rhaR_6~~~rhaR_5~~~appY~~~rhaR_2~~~rhaS_8~~~rhaR_1~~~appY_1~~~rhaS_11~~~rhaS_5,NC_004603,840,823,97.205,1,823,1880161,1879339,0.0,1381.0,0.9797619047619047
rhaR_8~~~rhaR_4~~~rhaR_5~~~rhaR_1,NC_004603,726,726,100.0,1,726,378312,379037,0.0,1310.0,1.0
rhsB~~~rhsC~~~rhsC_1~~~rhsC_2~~~rhsD,NC_004603,4413,3673,96.624,1,3673,1627036,1630693,0.0,6075.0,0.8323136188533877
rhsC,NC_004603,4392,3701,97.865,1,3701,1627036,1630730,0.0,6320.0,0.8426684881602914
rhtB_6~~~rhtB_4~~~rhtB_1~~~leuE_4~~~leuE_3~~~leuE_6~~~rhtB_2~~~leuE_1~~~leuE_2~~~rhtB_5,NC_004605,618,617,70.989,2,618,374893,375506,7.9e-83,305.0,0.9983818770226537
rhtC_3,NC_004603,636,636,92.453,1,636,1947415,1946780,0.0,931.0,1.0
rhtC_3~~~rhtC_4~~~rhtC_2~~~rhtC_1,NC_004603,642,642,95.95,1,642,1947415,1946780,0.0,1042.0,1.0
ridA_3~~~yabJ,NC_004603,567,512,82.617,56,563,1907819,1907312,2.69e-145,512.0,0.9029982363315696
rnhA_3~~~rnhA_2~~~rnhA_1,NC_004603,549,549,93.807,1,549,671983,672505,0.0,856.0,1.0
rnj,NC_004603,1506,1517,92.815,1,1504,253447,251932,0.0,2240.0,1.0073041168658698
rnr_1~~~rnr_4~~~rnr_3~~~rnr_2,NC_004603,2232,2232,99.328,1,2232,1971918,1974149,0.0,3958.0,1.0
rppH_2~~~rppH_1~~~rppH_4~~~mutX,NC_004603,450,450,95.556,1,450,1600137,1600584,0.0,719.0,1.0
rppH_2~~~rppH_1~~~rppH_4~~~rppH_3~~~mutX,NC_004603,879,880,96.932,1,879,1600165,1601043,0.0,1459.0,1.0011376564277588
rsxC_2~~~rsxC~~~rsxC_1~~~rsxC_3,NC_004603,3063,2576,98.098,1,2573,2211798,2214373,0.0,4424.0,0.841005550114267
sbnH~~~lysA_1~~~sbnH_1~~~btrK,NC_004605,3024,3025,95.967,1,3024,1780219,1783243,0.0,4902.0,1.000330687830688
sbnH~~~lysA_2~~~lysA_1~~~sbnE,NC_004605,3030,3030,96.997,1,3030,1780219,1783243,0.0,5055.0,1.0
sctC_2~~~sctC_3~~~sctC_4,NC_004603,1464,1465,87.645,1,1464,2538756,2537293,0.0,1819.0,1.0006830601092895
sctC_2~~~sctC_5,NC_004605,1476,1476,97.425,1,1476,1412814,1411351,0.0,2498.0,1.0
sctC_3~~~sctC_1~~~sctC_6~~~gspD~~~sctC_4,NC_004605,1344,1344,87.798,1,1344,751917,753260,0.0,1685.0,1.0
sctC_8~~~sctC_7~~~sctC_3~~~invG~~~sctC_5~~~sctC_2,NC_004605,1467,1455,70.928,14,1463,1412798,1411355,0.0,696.0,0.9918200408997955
sdaB_2,NC_004605,1371,1374,73.726,1,1370,259851,258482,0.0,827.0,1.0021881838074398
sglT_2~~~sglT,NC_004605,1758,1758,97.27,1,1758,75822,74083,0.0,2966.0,1.0
sglT~~~sglT_1,NC_004605,1800,1800,97.111,1,1800,79174,80946,0.0,3032.0,1.0
sgrR_4,NC_004605,1656,1656,100.0,1,1656,997829,999484,0.0,2987.0,1.0
siaQ,NC_004605,516,516,100.0,1,516,1822168,1822683,0.0,931.0,1.0
smc_1~~~smc_2~~~smc,NC_004603,1020,1020,94.02,1,1020,2249081,2250100,0.0,1565.0,1.0
spaP_2,NC_004605,675,675,100.0,1,675,1414405,1413731,0.0,1218.0,1.0
spaP_2~~~spaP_1,NC_004605,738,692,74.711,48,738,1414406,1413731,3.53e-126,448.0,0.9376693766937669
ssaN~~~yscN_2~~~atpB_2,NC_004605,1263,1263,100.0,1,1263,1411351,1410089,0.0,2278.0,1.0
ssaV,NC_004605,1884,1884,100.0,1,1884,1425513,1423630,0.0,3398.0,1.0
ssb_2~~~ssb_1,NC_004603,549,519,73.218,13,501,2865335,2864820,1.35e-85,313.0,0.9453551912568307
sspH2,NC_004603,1401,1414,96.04,1,1401,2080950,2079537,0.0,2305.0,1.0092790863668808
syrM1~~~leuO_1~~~leuO_4~~~yidZ_6~~~yidZ_4,NC_004605,969,957,95.716,1,957,300455,299499,0.0,1542.0,0.9876160990712074
syrM1~~~pcpR_3~~~pcpR_1~~~pcpR_2,NC_004605,969,844,70.616,33,872,604015,604854,9.030000000000001e-110,394.0,0.8710010319917441
tarI1~~~tarI,NC_004603,726,726,99.449,1,726,1400091,1400815,0.0,1288.0,1.0
tdh2_2~~~tdh2~~~tdh2_1,NC_004605,570,497,72.233,61,556,1392020,1392515,5.230000000000001e-72,268.0,0.8719298245614036
tdh3~~~tdh2~~~tdh2_3,NC_004605,570,570,98.246,1,570,1391960,1392529,0.0,984.0,1.0
tetR,NC_004605,630,630,97.937,1,630,1376455,1375826,0.0,1078.0,1.0
thyA_2~~~thyA_1~~~thyA_3,NC_004603,861,805,68.323,61,861,540846,541649,2.0100000000000002e-79,294.0,0.9349593495934959
tnpR_1~~~pinR~~~pinR_2~~~tnpR,NC_004603,645,645,100.0,1,645,669574,670218,0.0,1164.0,1.0
ulaF~~~araD,NC_004605,750,751,98.802,1,750,1796872,1797622,0.0,1311.0,1.0013333333333334
ushA_2~~~ushA_1~~~ushA_4,NC_004603,1737,1490,67.114,106,1573,1268795,1267343,2.96e-125,446.0,0.8578008059873344
uspA_2~~~uspA_1~~~uspA_3,NC_004605,402,402,96.517,1,402,948574,948185,0.0,669.0,1.0
uxaB~~~por~~~por_2~~~por_1~~~mtlK,NC_004605,1467,1467,95.092,1,1467,1824048,1825514,0.0,2322.0,1.0
uxaC~~~uxaC_1~~~uxaC_2,NC_004605,1419,1420,94.648,1,1419,1825524,1826943,0.0,2215.0,1.0007047216349543
uxuA~~~uxuA_1~~~uxuA_2,NC_004605,1212,1212,88.531,2,1212,1819858,1818647,0.0,1556.0,1.0
vgrG1_2~~~vgrG1_1,NC_004603,2079,2079,89.081,1,2079,1496562,1498640,0.0,2727.0,1.0
vnfA~~~norR_1~~~norR_3~~~norR_2~~~vnfA_2,NC_004603,1674,1630,98.221,1,1630,1492857,1491228,0.0,2810.0,0.973715651135006
wbgU_1~~~wbgU_2~~~wbgU,NC_004603,1008,1001,69.73,1,986,2121077,2120086,5.55e-119,425.0,0.9930555555555556
wbgU_2~~~wbgU~~~wbgU_1~~~galE_3,NC_004603,1011,1011,100.0,1,1011,2121077,2120067,0.0,1824.0,1.0
wecD_2,NC_004603,564,565,95.752,1,564,1906205,1905641,0.0,908.0,1.00177304964539
wzc_1~~~wzc~~~etk~~~wzc_2,NC_004605,2209,2209,98.959,1,2209,1702313,1704520,0.0,3877.0,1.0
wzzE~~~wzc_2~~~fepE,NC_004603,1017,941,72.582,1,935,233872,234806,1.41e-145,514.0,0.9252704031465093
xapA_1~~~xapA_2~~~xapA,NC_004603,900,900,99.444,1,900,75435,74536,0.0,1601.0,1.0
xerC_1~~~xerC_3~~~xerC_2~~~xerC_5~~~xerC_4,NC_004603,1143,1102,68.875,1,1089,1121252,1122340,3.7300000000000003e-109,393.0,0.9641294838145232
xerC_5~~~xerC_2~~~intQ~~~xerC_1~~~xerC_7~~~intQ_2~~~xerC_3,NC_004603,1128,1129,98.406,1,1128,2246231,2247359,0.0,1952.0,1.000886524822695
yabJ_2~~~ridA_1~~~ridA_2~~~yabJ,NC_004603,480,485,79.381,1,476,1907788,1907312,1.63e-115,413.0,1.0104166666666667
yabJ~~~ridA_2~~~yabJ_1~~~yabJ_2~~~ridA_3,NC_004603,519,514,78.21,6,515,1907821,1907312,1.7599999999999999e-115,412.0,0.9903660886319846
yabJ~~~rutC~~~yabJ_2,NC_004603,531,520,91.154,18,531,1907822,1907308,0.0,719.0,0.9792843691148776
yafP~~~yafP_1~~~yafP_2,NC_004603,816,816,97.181,1,816,1456263,1457077,0.0,1365.0,1.0
yafV~~~nadE,NC_004603,816,816,100.0,1,816,216672,217487,0.0,1472.0,1.0
ybdO_2~~~leuO_6~~~leuO_4~~~leuO_5~~~hdfR_7~~~leuO_1~~~leuO_3~~~leuO_2~~~hdfR_2~~~hdfR_1~~~hdfR_6~~~ybdO_1~~~hdfR_9~~~hdfR_3~~~hdfR_4~~~hdfR_8~~~leuO_7,NC_004605,906,907,98.346,1,906,763807,762901,0.0,1565.0,1.0011037527593818
ycjY_2~~~ycjY_3~~~ycjY_1,NC_004603,978,933,98.285,1,933,1793748,1794680,0.0,1611.0,0.9539877300613497
ycjY_2~~~ycjY~~~ycjY_3~~~ycjY_1,NC_004603,1020,1020,97.941,1,1020,1792660,1793679,0.0,1746.0,1.0
yddE_1~~~yddE~~~phzF~~~yddE_2,NC_004605,816,817,98.776,1,816,1205489,1204674,0.0,1422.0,1.0012254901960784
ydhR~~~ydhR_1,NC_004605,309,302,85.762,1,302,1705272,1704971,2.92e-97,352.0,0.9773462783171522
ydhR~~~ydhR_2,NC_004605,321,302,88.742,1,302,1705272,1704971,9.950000000000001e-110,392.0,0.940809968847352
yecD,NC_004603,612,612,97.712,1,612,2089391,2090002,0.0,1041.0,1.0
yefM_2~~~yefM,NC_004603,255,254,93.307,1,254,1923491,1923238,1.4e-106,382.0,0.996078431372549
ygjV_1~~~ygjV~~~ygjV_2,NC_004605,525,525,100.0,1,525,69718,70242,0.0,948.0,1.0
ygjV_3~~~ygjV~~~ygjV_1~~~ygjV_2,NC_004605,552,552,93.659,1,552,1828647,1829198,0.0,838.0,1.0
yhfA_1~~~yhfA_3~~~yhfA_2~~~yhfA_4,NC_004603,408,408,98.039,1,408,1915658,1915251,0.0,700.0,1.0
yhfA_2~~~yhfA_3~~~yhfA_1,NC_004603,520,520,100.0,1,520,1915658,1915139,0.0,939.0,1.0
yhfA_3~~~yhfA_2,NC_004603,408,408,96.324,1,408,1915658,1915251,0.0,669.0,1.0
yidZ_10~~~yidZ_7~~~yidZ_2~~~yidZ_5~~~yidZ_1~~~yidZ_8~~~pcpR_2~~~leuO_6~~~pcpR_1~~~yidZ_6,NC_004605,963,963,97.612,1,963,604028,604981,0.0,1637.0,1.0
yidZ_4~~~yidZ_6~~~yidZ_1~~~yidZ_2~~~yidZ_3,NC_004605,969,967,66.494,1,958,1671856,1672801,1.64e-68,257.0,0.9979360165118679
yjmB~~~xylP~~~melB_2~~~melB~~~yihP,NC_004603,1389,1389,91.721,1,1389,2511824,2510436,0.0,1987.0,1.0
ykgO,NC_004603,162,162,96.296,1,162,2442466,2442310,4.68e-72,266.0,1.0
yoeB~~~yoeB_2~~~yoeB_1,NC_004603,273,267,94.007,7,273,1923241,1922975,3.11e-115,410.0,0.978021978021978
yohF~~~linC,NC_004603,771,769,90.507,1,769,217507,218275,0.0,1058.0,0.9974059662775616
yopJ~~~yopJ_1~~~yopJ_2,NC_004605,870,870,95.287,1,870,1417404,1416535,0.0,1385.0,1.0
yopJ~~~yopJ_2~~~yopJ_1,NC_004605,882,778,68.38,79,849,1417329,1416556,1.59e-74,278.0,0.8820861678004536
ypeA_2~~~ypeA_1~~~ypeA,NC_004603,435,362,66.575,79,435,1940387,1940031,5.14e-20,95.1,0.832183908045977
ypeA~~~ypeA_4~~~ypeA_2~~~ypeA_3~~~ypeA_1,NC_004603,540,539,92.022,2,540,1940569,1940031,0.0,779.0,0.9981481481481481
yscL,NC_004603,639,639,93.584,1,639,1801771,1801133,0.0,968.0,1.0
yscN_2~~~hrcN~~~atpA_2~~~yscN_1~~~ssaN,NC_004605,1263,1260,74.603,8,1263,1411344,1410089,0.0,829.0,0.997624703087886
yscU_2~~~yscU_1,NC_004605,1059,1059,100.0,1,1059,1423612,1422554,0.0,1911.0,1.0
yscU_2~~~yscU_1~~~yscU_3,NC_004605,1050,1043,71.812,12,1047,1423600,1422566,8.03e-149,525.0,0.9933333333333333
yyaP,NC_004605,633,633,95.103,1,633,1376456,1377088,0.0,1003.0,1.0
